Country	City	Company Name	Company Type	Website	Contact Email	Key Contact	Est. Size	Notes
Singapore	Singapore	Oppenheimer Generations Asia	Family Office	https://www.ogenerations.com	info@ogenerations.com	-	$10B AUM	De Beers fortune; PE, VC, sustainability focus in Asia. Est. 2021
Singapore	Singapore	Aglaia Family Office	Family Office	https://www.aglaia.com.sg	info@aglaia.com.sg	-	$3B AUM	Multi-family office; PE, credit, real estate. MAS licensed. Est. 2006
Singapore	Singapore	GAO Capital	Family Office	https://www.gaocapital.com	info@gaocapital.com	-	$2B+ AUM	Ex-JP Morgan/UBS founders; hedge funds, quant strategies, PE
Singapore	Singapore	Prime Asia Asset Management	Multi-Family Office	https://pa-am.com	contact@pa-am.com	Tan Seng Kee, CEO	$1.6B AUM; 150+ UHNW clients	MAS CMS licensed; wealth mgmt, family office advisory, tax planning
Singapore	Singapore	Tecity Group	Family Office	https://www.tecity.com.sg	info@tecity.com.sg	-	$1.5B AUM	Three-generation banking/real estate dynasty. Capital preservation focus
Singapore	Singapore	Das Family Office	Multi-Family Office	https://dfo.sg	info@dfo.sg	Mario Christoph Becker, CEO	-	MAS CMS licensed; fee-only, performance-oriented. Founded 2017
Singapore	Singapore	Golden Vision Capital	Family Office	https://www.goldenvisioncapital.com	info@goldenvisioncapital.com	-	$19B family wealth	Sinar Mas/Widjaja family; palm oil, renewables, real estate
Singapore	Singapore	Steppe Capital	Family Office	https://www.steppecapital.com	info@steppecapital.com	-	$5B AUM	Multi-asset across infrastructure, energy, emerging markets
Singapore	Singapore	Wee Investments Pte Ltd	Family Office	-	-	-	$5-7B AUM	Largest Singapore SFO; multi-billion diversified wealth
Singapore	Singapore	Kuok Group Family Office	Family Office	https://www.kuokgroup.com	info@kuokgroup.com	-	Multi-billion	Sugar King empire; commodities, hotels (Shangri-La), real estate
Singapore	Singapore	Alpharock Family Office	Family Office	-	info@alpharock.sg	-	-	MAS registered family office
Singapore	Singapore	APAC Family Office	Family Office	-	info@apacfo.com	-	-	MAS registered; Asia-Pacific focus
Singapore	Singapore	Singular Asset Management	Boutique Asset Manager	https://www.singular.com.sg	info@singular.com.sg	-	-	HNW and institutional clients; long-term performance, sustainability
Singapore	Singapore	River Valley Asset Management	Boutique Asset Manager	https://www.rivervalleyasset.com	info@rivervalleyasset.com	-	-	Boutique focused on wealth preservation and growth
Singapore	Singapore	APS Asset Management	Fund Manager	https://www.aps-am.com	info@aps-am.com	-	-	Est. 1995; Asia Pacific equity investments. MAS licensed
Singapore	Singapore	Amansa Capital	Fund Manager	https://www.amansacapital.com	info@amansacapital.com	-	-	Est. 2006; MAS CMS licensed since 2008
Singapore	Singapore	Aquarius Investment Advisors	Fund Manager	-	info@aquariusinvestment.com	-	-	MAS licensed; accredited investor focus
Singapore	Singapore	Arohi Asset Management	Fund Manager	-	info@arohiam.com	-	-	MAS licensed boutique fund manager
Singapore	Singapore	Avanda Investment Management	Fund Manager	-	info@avandaim.com	-	-	IMAS member; MAS licensed
Singapore	Singapore	Pheim Asset Management (Asia)	Fund Manager	https://www.pheim.com	info@pheim.com.sg	-	-	IMAS member; Asia-focused equity specialist
Singapore	Singapore	Foord Asset Management (Singapore)	Fund Manager	https://www.foord.com	singapore@foord.com	-	-	IMAS member; South African heritage, global reach
Singapore	Singapore	Fullerton Fund Management	Fund Manager	https://www.fullertonfund.com	enquiry@fullertonfund.com	-	-	IMAS member; Temasek-linked; multi-asset strategies
Singapore	Singapore	Phillip Capital Management	Fund Manager	https://www.phillip.com.sg	talktophillip@phillip.com.sg	-	-	IMAS member; pioneered online trading in SG 1996
Singapore	Singapore	Endowus	Wealth Management	https://endowus.com	support@endowus.com	Samuel Rhee, CEO	300K+ clients	Asia's leading independent wealth advisor. MAS licensed
Singapore	Singapore	Quantedge Capital	Hedge Fund	https://www.quantedge.com	info@quantedge.com	-	-	Systematic/quant hedge fund. Est. 2008
Singapore	Singapore	Gordian Capital	Boutique Asset Manager	https://www.gordiancapital.com	info@gordiancapital.com	-	-	Independent; Asian equities and multi-asset. Est. 2007
Singapore	Singapore	Heliconia Capital Management	Private Equity	https://www.heliconia.com.sg	info@heliconia.com.sg	-	-	Temasek-backed; growth-stage tech, media, consumer in Asia
Singapore	Singapore	Openspace Capital	Private Equity	https://www.openspacecapital.com	info@openspacecapital.com	-	-	SVCA member; boutique VC/PE; early-to-growth stage Asia
Singapore	Singapore	65 Equity Partners	Private Equity	https://www.65equity.com	info@65equity.com	-	-	Temasek-backed; patient capital; Asia/Europe/NA
Singapore	Singapore	Novo Tellus Capital Partners	Private Equity	https://www.novotellus.com	info@novotellus.com	-	-	Infrastructure/tech-enabled services; long-term holdings
Singapore	Singapore	Northstar Group	Private Equity	https://www.northstar.co.id	info@northstar.co.id	-	-	Growth equity in consumer/tech; regional focus
Singapore	Singapore	Quest Ventures	Venture Capital	https://www.questventures.com	hello@questventures.com	-	100+ portfolio cos	Asia-wide digital economy focus
Singapore	Singapore	Insignia Ventures Partners	Venture Capital	https://www.insignia.vc	info@insignia.vc	-	-	Early-stage fintech, enterprise software; Southeast Asia
Singapore	Singapore	Forge Ventures	Venture Capital	https://forge.vc	hello@forge.vc	-	-	Pre-seed/seed fintech, SaaS, healthtech
Singapore	Singapore	Tin Men Capital	Venture Capital	https://www.tinmen.vc	info@tinmen.vc	-	-	B2B tech manufacturing, agriculture
Singapore	Singapore	Betatron Venture Group	Venture Capital	https://betatron.co	hello@betatron.co	-	-	B2B robotics, logistics, FMCG; asset-light focus
Singapore	Singapore	Pictet Wealth Management (SG)	Wealth Management	https://www.pictet.com/sg	info@pictet.com	-	-	Operating in SG since 1995; 220+ years experience; HNW/UHNW
Singapore	Singapore	1982 Ventures	Fund Manager	https://www.1982.vc	info@1982.vc	-	-	MAS licensed; fintech-focused VC
Singapore	Singapore	360 ONE Capital	Fund Manager	-	info@360onecapital.com	-	-	MAS licensed boutique
Singapore	Singapore	42 Wealth Management	Wealth Management	-	info@42wm.com	-	-	MAS licensed boutique wealth manager
Singapore	Singapore	8F Asset Management	Fund Manager	-	info@8fam.com	-	-	MAS licensed boutique
Singapore	Singapore	500 Global (Singapore)	Fund Manager	https://500.co	info@500.co	-	-	MAS licensed; global early-stage VC with SG base
Singapore	Singapore	Prudence Asset Management	Fund Manager	-	info@prudenceasset.com	-	-	AIWM member; MAS licensed
Singapore	Singapore	Red Beacon Asset Management	Fund Manager	-	info@redbeaconam.com	-	-	AIWM member; boutique fund manager
Singapore	Singapore	BlueFire AI	Fintech/Asset Mgmt	-	info@bluefireai.com	-	-	IMAS Fintech member; AI-focused investment solutions
Singapore	Singapore	Transparently.AI	Fintech/Asset Mgmt	https://www.transparently.ai	info@transparently.ai	-	-	IMAS Fintech member; AI-driven analytics
Singapore	Singapore	Schroders Wealth Management (SG)	Wealth Management	https://www.schroders.com/en-sg	info.singapore@schroders.com	-	-	Global wealth manager with significant SG presence
Singapore	Singapore	Nordea Asset Management (SG)	Fund Manager	https://www.nordea.sg	info@nordea.sg	-	-	Nordic heritage; responsible investment focus
Singapore	Singapore	St. James's Place (Asia)	Wealth Management	https://www.sjp.asia/sg	info@sjpasia.com	-	-	UK-based wealth manager expanding in Asia
Singapore	Singapore	Azalea Investment Management	Private Equity	https://www.azalea.com.sg	info@azalea.com.sg	-	-	Temasek subsidiary; PE fund-of-funds
Singapore	Singapore	EDBI	Private Equity	https://www.edbi.com	info@edbi.com	-	-	EDB's investment arm; strategic tech investments
Singapore	Singapore	Syfe	Wealth Management	https://www.syfe.com	support@syfe.com	Dhruv Arora, CEO	-	MAS licensed digital wealth platform. Founded 2017
Singapore	Singapore	Lighthouse Canton	Multi-Family Office	https://www.lighthousecanton.com	info@lighthousecanton.com	-	$3B+ AUM	MAS licensed MFO; India/SE Asia UHNW focus
Singapore	Singapore	Carret Private Investments	Family Office	https://www.carretprivate.com	info@carretprivate.com	-	-	MAS licensed; alternative investments
Singapore	Singapore	Value Partners (Singapore)	Fund Manager	https://www.valuepartners-group.com	info@vp.com.hk	-	-	Asia-focused value investing; MAS licensed
Singapore	Singapore	Trident Trust Singapore	Trust Company	https://www.tridenttrust.com	singapore@tridenttrust.com	-	-	Global trust and corporate services; SG office
Singapore	Singapore	Ascentis	Fund Manager	https://www.ascentis.com.sg	enquiries@ascentis.com.sg	-	-	MAS licensed; real estate and credit strategies
Singapore	Singapore	Raffles Family Office	Multi-Family Office	https://www.rafflesfamilyoffice.com	info@rafflesfamilyoffice.com	-	$2B+ AUM	Asia's leading independent MFO; HK+SG
Singapore	Singapore	Kamet Capital Partners	Fund Manager	https://www.kametcapital.com	info@kametcapital.com	-	-	MAS licensed; multi-strategy alternatives
Singapore	Singapore	Taurus Wealth Advisors	Wealth Management	https://www.tauruswealth.com	info@tauruswealth.com	-	-	MAS licensed; India/MENA/SEA UHNW focus
Singapore	Singapore	iFAST Financial	Wealth Management	https://www.ifastfinancial.com.sg	enquiries@ifastfinancial.com.sg	-	-	IMAS member; wealth mgmt platform/fintech
Singapore	Singapore	Eastspring Investments	Fund Manager	https://www.eastspring.com	info@eastspring.com	-	$258B AUM	Prudential's asset management arm in Asia
Singapore	Singapore	Lion Global Investors	Fund Manager	https://www.lionglobalinvestors.com	contactus@lionglobalinvestors.com	-	$65B AUM	OCBC subsidiary; one of largest SG-based fund managers
Singapore	Singapore	Nikko Asset Management Asia	Fund Manager	https://www.nikkoam.com.sg	sgqueries@nikkoam.com	-	-	IMAS member; Japan-heritage, Asia-focused
Singapore	Singapore	Aberdeen Investments (Singapore)	Fund Manager	https://www.abrdn.com	info@abrdn.com	-	-	IMAS member; global asset manager
Singapore	Singapore	Maitri Asset Management	Fund Manager	https://www.maitriam.com	info@maitriam.com	-	-	MAS licensed boutique; Asian equities
Singapore	Singapore	Capital Group (Singapore)	Fund Manager	https://www.capitalgroup.com	-	-	-	IMAS member; global long-term investor
Singapore	Singapore	Dharma Capital	Fund Manager	-	info@dharmacapital.sg	-	-	MAS licensed; systematic trading strategies
Singapore	Singapore	Old Peak Finance	Wealth Management	https://www.oldpeakfinance.com	info@oldpeakfinance.com	-	-	Independent fee-only financial advisory
Singapore	Singapore	EG Capital Advisors	Fund Manager	https://www.eg-cap.com	info@eg-cap.com	-	-	MAS licensed; Asian credit specialist
Singapore	Singapore	Asia Research & Capital Management	Fund Manager	https://www.arcm.com.sg	info@arcm.com.sg	-	-	MAS licensed; distressed and special situations
Singapore	Singapore	Vanda Global	Fund Manager	https://www.vandaglobal.com	info@vandaglobal.com	-	-	MAS licensed; cross-border alternative investments
Singapore	Singapore	GIC Private Limited	Sovereign Wealth/Fund Mgr	https://www.gic.com.sg	webmaster@gic.com.sg	-	$800B+ AUM	Singapore sovereign wealth fund; reference client for credibility
Singapore	Singapore	ADM Capital	Fund Manager	https://www.admcapital.com	info@admcapital.com	-	$2.5B AUM	MAS licensed; credit and PE focus in Asia
Singapore	Singapore	Grasshopper Capital	Fund Manager	-	info@grasshoppercap.com	-	-	MAS licensed; digital asset strategies
Singapore	Singapore	Wrise Private Singapore	Wealth Management	https://www.wrise.com	info@wrise.com	-	-	MAS licensed; Greater China UHNW focus
Singapore	Singapore	Merlion Advisors	Advisory Firm	-	info@merlionadvisors.com	-	-	Boutique M&A and capital advisory
Singapore	Singapore	Centurion Fund Managers	Fund Manager	-	info@centurion-fm.com	-	-	MAS licensed; boutique alternatives
Singapore	Singapore	Sumitrust Advisory	Wealth Management	https://www.sumitrust.com	info@sumitrust.com	-	-	Japanese heritage; wealth advisory in SG
Singapore	Singapore	Bordier & Cie (Singapore)	Private Bank/Wealth Mgmt	https://www.bordier.com	singapore@bordier.com	-	-	Swiss private bank; SG wealth management
Singapore	Singapore	Crossinvest (Asia)	Multi-Family Office	https://www.crossinvest.com.sg	info@crossinvest.com.sg	-	-	MAS licensed; Swiss-heritage MFO
Singapore	Singapore	Thirdrock Group	Multi-Family Office	https://www.thirdrock.com.sg	info@thirdrock.com.sg	-	-	MAS licensed independent MFO
Singapore	Singapore	Trusted Capital	Family Office	-	info@trustedcapital.sg	-	-	MAS licensed; boutique family office advisory
Singapore	Singapore	Oreana Financial Services	Wealth Management	https://www.oreana.com	info@oreana.com	-	-	Asia-Pacific independent wealth platform
Singapore	Singapore	Sanctum Wealth (Singapore)	Wealth Management	https://www.sanctumwealth.com	info@sanctumwealth.com	-	-	India-origin UHNW wealth advisory; SG presence
Singapore	Singapore	LGT Bank (Singapore)	Private Bank/Wealth Mgmt	https://www.lgt.com	info.sg@lgt.com	-	-	Liechtenstein royal family bank; SG wealth mgmt
Singapore	Singapore	EFG Bank (Singapore)	Private Bank/Wealth Mgmt	https://www.efginternational.com	info@efgbank.com	-	-	Swiss private bank; strong SG wealth presence
Singapore	Singapore	Bank of Singapore	Private Bank/Wealth Mgmt	https://www.bankofsingapore.com	enquiry@bankofsingapore.com	-	$137B AUM	OCBC private bank; top-tier SG wealth manager
Singapore	Singapore	Julius Baer (Singapore)	Private Bank/Wealth Mgmt	https://www.juliusbaer.com	info.singapore@juliusbaer.com	-	-	Swiss private bank; major SG presence
Singapore	Singapore	Lombard Odier (Singapore)	Private Bank/Wealth Mgmt	https://www.lombardodier.com	singapore@lombardodier.com	-	-	Swiss private bank; sustainability-focused wealth
Singapore	Singapore	Union Bancaire Privée (SG)	Private Bank/Wealth Mgmt	https://www.ubp.com	info-singapore@ubp.ch	-	-	Swiss private bank; alternative investments
Singapore	Singapore	VP Bank (Singapore)	Private Bank/Wealth Mgmt	https://www.vpbank.com	info.sg@vpbank.com	-	-	Liechtenstein bank; SG wealth advisory
Australia	Sydney	Bangarra Family Office	Multi-Family Office	https://www.bangarra.com.au	info@bangarra.com.au	Jeff Chapman, Founder	$13B AUM	Level 26, 20 Bond Street. Founded 2000
Australia	Sydney	Stonebridge Family Office	Multi-Family Office	https://www.stonebridge.com.au	info@stonebridge.com.au	Ronnie Dyne, Founder	>$1B AUM	Suite 403, 3 Waverley St, Bondi Junction. 6 families
Australia	Sydney	Marinya Capital	Family Office	-	info@marinyacapital.com.au	John B. Fairfax	$500M-$2B	Fairfax family; 2 Chifley Square. Property, diversified funds
Australia	Sydney	Koda Capital	Wealth Management	https://kodacapital.com	media@kodacapital.com	-	-	Independent; Level 8, 20 Bond Street. Founded 2014. Also operations@kodacapital.com
Australia	Sydney	LGT Crestone Wealth Management	Wealth Management	https://www.lgtcrestone.com.au	info@lgtcrestone.com.au	Michael Chisholm, CEO	-	Level 32, Chifley Tower. HNW/institutional. Ph: +61 2 8422 5500
Australia	Sydney	Anacacia Capital	Private Equity	https://www.anacacia.com.au	info@anacacia.com.au	-	-	Lower mid-market SME specialist; growth and scaling focus
Australia	Sydney	Adamentem Capital	Private Equity	https://www.adamentem.com	info@adamentem.com	-	-	Growth investments; Sydney-based boutique PE
Australia	Sydney	Anchorage Capital Partners	Private Equity	https://www.anchoragecapital.com.au	info@anchoragecapital.com.au	-	A$810M AUM	Operational turnarounds and transformational investments
Australia	Sydney	Quadrant Private Equity	Private Equity	https://www.quadrantpe.com.au	info@quadrantpe.com.au	-	A$1.5B+ raised	Founded 2006; buyouts and growth partnerships
Australia	Sydney	Crescent Capital Partners	Private Equity	https://www.crescentcap.com.au	info@crescentcap.com.au	-	-	Mid-market (A$50-300M EV); multi-strategy active ownership
Australia	Sydney	Bennelong Private Wealth	Wealth Management	https://bennelongprivatewealth.com.au	info@bennelongpw.com.au	-	-	Private wealth boutique; York Street Sydney
Australia	Sydney	Allied Wealth	Wealth Management	https://www.alliedwealth.com.au	info@alliedwealth.com.au	-	-	Boutique independent; 14 Martin Place. AFSL 528160
Australia	Sydney	Quantum Financial	Wealth Management	https://www.quantumfinancial.com.au	info@quantumfinancial.com.au	-	-	Independent adviser; Chatswood. AFSL 239200
Australia	Sydney	Financial Spectrum	Wealth Management	https://financialspectrum.com.au	info@financialspectrum.com.au	-	-	Fee-for-service; Sydney CBD, Balmain, Bondi Junction, Chatswood
Australia	Sydney	Wealth Simplicity	Wealth Management	https://www.wealthsimplicity.com	info@wealthsimplicity.com	-	-	Fee-based boutique; Hunter St Sydney. AFSL 513615
Australia	Sydney	Roc Partners	Private Equity	https://www.rocpartners.com	info@rocpartners.com	-	A$9B AUM	Offices Sydney+Melbourne; PE, credit, real assets. Sustainability focus
Australia	Sydney	Vantage Asset Management	Private Equity	https://www.vantageasset.com.au	info@vantageasset.com.au	-	-	Sydney+Melbourne; PE fund-of-funds and co-investments
Australia	Sydney	Strategy First Financial Planning	Wealth Management	https://www.strategyfirst.com.au	info@strategyfirst.com.au	-	-	Fee-for-service since 2005; AFSL 290771; Northern Beaches
Australia	Sydney	Arc Financial Solutions	Wealth Management	https://www.arcfs.com.au	info@arcfs.com.au	-	-	Boutique independent; Neutral Bay. AFSL 319288
Australia	Sydney	Garnaut Private Wealth	Wealth Management	https://www.garnaut.com.au	info@garnaut.com.au	-	-	Boutique independent AFSL holder
Australia	Sydney	Sandbar Investments	Family Office	-	info@sandbarinvestments.com.au	-	$120M AUM	Barry & Sandra Smorgon family
Australia	Melbourne	Escala Partners	Multi-Family Office	https://escalapartners.com.au	information@escalapartners.com.au	-	-	Level 19, 90 Collins St. Founded 2013. Acquired by Focus Financial 2019
Australia	Melbourne	Portland House Group	Family Office	-	info@portlandhouse.com.au	-	$2.4B AUM	Global equities, fixed income, currencies, derivatives
Australia	Melbourne	LJCB Investment Group	Family Office	-	info@ljcb.com.au	-	$2B AUM	Liberman family; 127 Collins St. Real estate, technology
Australia	Melbourne	Mutual Trust	Multi-Family Office	https://www.mutualtrust.com.au	info@mutualtrust.com.au	-	-	Baillieu & Myer families; wealth mgmt, tax, agribusiness, philanthropy
Australia	Melbourne	Cashel Family Office	Family Office	https://www.cashelfamilyoffice.com.au	info@cashelfamilyoffice.com.au	-	-	Investment mgmt, financial advice, debt advisory, IPOs
Australia	Melbourne	Pemba Capital Partners	Private Equity	https://pemba.com.au	info@pemba.com.au	-	-	High-growth entrepreneurial businesses; equity for scaling
Australia	Melbourne	Equion Capital	Boutique Investment Bank	https://www.equion.com.au	info@equion.com.au	-	-	Boutique investment bank; mid-market M&A advisory
Australia	Melbourne	Boutique Capital	Wealth Management	https://www.boutiquecapital.com.au	info@boutiquecapital.com.au	-	-	Boutique investment advisory firm
Australia	Perth	Tattarang	Family Office	https://www.tattarang.com	info@tattarang.com	Andrew Forrest, Chairman	$1B+ AUM	Forrest family; agri-food, energy, resources, property, lifestyle
Australia	Perth	Candor Family Office	Multi-Family Office	-	info@candorfo.com.au	-	~$5B AUM	UHNW focus; Office 13, 40 St Quentin Ave, Claremont
Australia	Perth	Australian Capital Equity	Family Office	-	info@austcapeq.com.au	-	$2B AUM	Stokes family; 3/30 Kings Park Rd, West Perth
Australia	Perth	Boutique Advisers	Wealth Management	https://boutiqueadvisers.com.au	info@boutiqueadvisers.com.au	-	-	Own AFSL; fee-only since 1991
Australia	Brisbane	EWM Group	Multi-Family Office	https://www.ewmgroup.com.au	info@ewmgroup.com.au	-	$10B AUM	Independent multi-family office
Australia	Sydney	The Wealth Designers	Wealth Management	https://twd.com.au	info@twd.com.au	-	-	Sydney+Perth; boutique financial planning
Australia	Sydney	Liquidityfp	Wealth Management	https://www.liquidityfp.com.au	info@liquidityfp.com.au	-	-	Explicitly independent; Sutherland. AFSL 293538
Australia	Sydney	Peter White Financial Planning	Wealth Management	https://peterwhitefp.com.au	info@peterwhitefp.com.au	Peter White	-	Independent; Martin Place Sydney. AFSL 464629
Australia	Sydney	Mintwell	Wealth Management	https://www.mintwell.com.au	info@mintwell.com.au	-	-	Boutique independent; Castlereagh St
Australia	Sydney	Naked Wealth Advisory	Wealth Management	https://www.nakedwealth.net.au	info@nakedwealth.net.au	-	-	Fee-only model; Narrabeen
Australia	Sydney	Sydney Financial Planning	Wealth Management	https://www.sydneyfinancialplanning.com.au	info@sydneyfinancialplanning.com.au	-	-	Sydney-focused independent advisory
Australia	Sydney	Affirmative Financial	Wealth Management	https://affirmativefs.com.au	info@affirmativefs.com.au	-	-	Portfolio and retirement planning focus
Australia	Melbourne	Adams & Associates	Wealth Management	-	info@adamsassociates.com.au	-	-	BFP member; boutique financial planning
Australia	Melbourne	Armstrongs Financial	Wealth Management	-	info@armstrongsfinancial.com.au	-	-	BFP member; boutique financial planning
Australia	Melbourne	Beresfords Wealth Management	Wealth Management	-	info@beresfords.com.au	-	-	BFP member; boutique wealth management
Australia	Melbourne	Ballinger's Financial	Wealth Management	-	info@ballingers.com.au	-	-	BFP member; boutique financial planning
Australia	Sydney	Independent Wealth Advice	Wealth Management	https://www.iwadvice.com.au	info@iwadvice.com.au	-	-	14 Martin Place; shares AFSL 528160 with Allied Wealth
Australia	Sydney	The Professional Super Advisers	Wealth Management	https://thepsa.com.au	info@thepsa.com.au	-	-	Super-focused independent; North Sydney. AFSL 321895
Australia	Sydney	Evolution Financial Planning	Wealth Management	https://www.evolutionfinancial.com.au	info@evolutionfinancial.com.au	-	-	Independent; AFSL 412063; Ballina NSW
Australia	Sydney	Pacific Equity Partners	Private Equity	https://www.pep.com.au	info@pep.com.au	-	A$17B AUM	Largest Australian PE firm; mid-to-large market buyouts
Australia	Melbourne	Reach Alternatives	Wealth Management	https://www.reachalts.com.au	info@reachalts.com.au	-	-	Alternative investment access for wealth advisers
Australia	Melbourne	Five V Capital	Private Equity	https://www.fivevcapital.com	info@fivevcapital.com	-	-	Melbourne-based growth PE; technology and services
Australia	Sydney	Allegro Funds	Private Equity	https://www.allegrofunds.com.au	info@allegrofunds.com.au	-	-	Australian mid-market private equity
Australia	Sydney	Ellerston Capital	Fund Manager	https://www.ellerstoncapital.com	info@ellerstoncapital.com	-	$5B+ AUM	Packer family heritage; multi-strategy alternatives
Australia	Sydney	Magellan Financial Group	Fund Manager	https://www.magellangroup.com.au	info@magellangroup.com.au	-	$35B+ AUM	Leading Australian global equity and infrastructure manager
Australia	Sydney	Platinum Asset Management	Fund Manager	https://www.platinum.com.au	invest@platinum.com.au	-	$14B+ AUM	International equity specialist; Sydney HQ
Australia	Melbourne	Airlie Funds Management	Fund Manager	https://www.airliefundsmanagement.com.au	info@airliefm.com.au	-	-	Australian equities specialist; Magellan subsidiary
Australia	Sydney	Cooper Investors	Fund Manager	https://www.cooperinvestors.com	info@cooperinvestors.com	-	$10B+ AUM	Value-oriented global equity manager
Australia	Melbourne	L1 Capital	Fund Manager	https://www.l1.com.au	info@l1.com.au	-	$7B+ AUM	Long-short equity specialist; Melbourne-based
Australia	Sydney	Paradice Investment Management	Fund Manager	https://www.paradice.com	info@paradice.com	-	$15B+ AUM	Australian and global equities; independent
Australia	Sydney	Perpetual Private	Wealth Management	https://www.perpetual.com.au	info@perpetual.com.au	-	$23B+ AUM	Legacy Australian wealth and trust services
Australia	Sydney	Firetrail Investments	Fund Manager	https://www.firetrailinvest.com	info@firetrailinvest.com	-	-	Australian/global equities; independent
Australia	Sydney	Tribeca Investment Partners	Fund Manager	https://www.tribecaip.com	info@tribecaip.com	-	-	Australian equities; alternative strategies
Australia	Melbourne	Atchison Consultants	Advisory Firm	https://www.atchison.com.au	info@atchison.com.au	-	-	Investment consulting for wealth advisers
Australia	Sydney	Dimensional Fund Advisors (AU)	Fund Manager	https://www.dimensional.com	info@dimensional.com	-	-	Evidence-based investing; significant AU presence
Australia	Sydney	Pengana Capital Group	Fund Manager	https://www.pengana.com	info@pengana.com	-	$3.5B+ AUM	Global and alternative investment strategies
Australia	Melbourne	Lonsec Investment Solutions	Advisory Firm	https://www.lonsec.com.au	info@lonsec.com.au	-	-	Investment research and advisory for financial advisers
Australia	Sydney	Zenith Investment Partners	Advisory Firm	https://www.zenithpartners.com.au	info@zenithpartners.com.au	-	-	Fund research and investment consulting
Australia	Melbourne	Spire Capital	Boutique Investment Bank	https://www.spirecapital.com.au	info@spirecapital.com.au	-	-	Boutique corporate advisory; mid-market M&A
New Zealand	Auckland	Craigs Investment Partners	Wealth Management	https://craigsip.com	headoffice@craigsip.com	-	-	NZ's largest NZX firm; nationwide. Ph: 0800 272 442
New Zealand	Auckland	Jarden	Wealth Management	https://www.jarden.co.nz	info@jarden.co.nz	-	-	Major NZ investment bank; wealth management, advisory
New Zealand	Dunedin	Forsyth Barr	Wealth Management	https://www.forsythbarr.co.nz	info@forsythbarr.co.nz	-	-	Full-service investment firm; NZ-wide offices
New Zealand	Auckland	Hobson Wealth Partners	Wealth Management	https://www.hobsonwealth.co.nz	info@hobsonwealth.co.nz	-	-	Portfolio management, sharebroking, financial planning. Est. 2016
New Zealand	Auckland	Milford Asset Management	Fund Manager	https://milfordasset.com	info@milfordasset.com	-	$18B+ AUM	NZ's largest independent fund manager
New Zealand	Auckland	Fisher Funds Management	Fund Manager	https://fisherfunds.co.nz	info@fisherfunds.co.nz	-	$15B+ AUM	Major NZ fund manager; KiwiSaver provider
New Zealand	Auckland	Devon Funds Management	Fund Manager	https://devonfunds.co.nz	info@devonfunds.co.nz	-	-	NZ asset management; equities and fixed income
New Zealand	Auckland	Harbour Asset Management	Fund Manager	https://www.harbourasset.co.nz	info@harbourasset.co.nz	-	$5B+ AUM	NZ equities, fixed income, multi-asset
New Zealand	Auckland	Salt Funds Management	Fund Manager	https://www.saltfunds.co.nz	info@saltfunds.co.nz	Matthew Goodson, MD	-	NZ long/short equities; boutique manager
New Zealand	Auckland	Pathfinder Asset Management	Fund Manager	https://www.pathfinder.kiwi	info@pathfinder.kiwi	John Berry, CEO	-	Ethical/responsible investment specialist
New Zealand	Auckland	Pie Funds Management	Fund Manager	https://www.piefunds.co.nz	info@piefunds.co.nz	Mike Taylor, CEO	$2.5B+ AUM	Growth investing; KiwiSaver provider
New Zealand	Auckland	Kernel Wealth	Fund Manager	https://kernelwealth.co.nz	hello@kernelwealth.co.nz	Dean Anderson, CEO	-	Low-cost index funds; digital platform
New Zealand	Auckland	Simplicity	Fund Manager	https://simplicity.kiwi	hello@simplicity.kiwi	Sam Stubbs, CEO	$6B+ AUM	Non-profit KiwiSaver; low-fee model
New Zealand	Auckland	Generate	Fund Manager	https://www.generatewealth.co.nz	info@generatewealth.co.nz	-	$4B+ AUM	KiwiSaver specialist; managed funds
New Zealand	Auckland	Nikko Asset Management NZ	Fund Manager	https://www.nikkoam.co.nz	nzenquiries@nikkoam.com	-	-	Japan-heritage; NZ equities and bonds
New Zealand	Auckland	Castle Point Funds Management	Fund Manager	https://www.castlepointfunds.co.nz	info@castlepointfunds.co.nz	-	-	Boutique NZ equities and fixed income
New Zealand	Auckland	Mint Asset Management	Fund Manager	https://www.mintasset.co.nz	info@mintasset.co.nz	-	-	Boutique NZ fund manager; equities and income
New Zealand	Auckland	Booster	Fund Manager	https://www.booster.co.nz	info@booster.co.nz	-	$11B+ AUM	KiwiSaver; investment funds. Formerly Grosvenor
New Zealand	Wellington	NZ Funds Private Wealth	Wealth Management	https://www.nzfunds.co.nz	info@nzfunds.co.nz	-	-	Level 3, 40 Johnston St. Ph: 04 473 7701
New Zealand	Auckland	Armillary Private Capital	Investment Bank	https://www.armillary.co.nz	info@armillary.co.nz	-	-	NZ's leading independent corporate advisory firm
New Zealand	Christchurch	Murray & Co	Investment Bank	https://www.murrayandco.co.nz	info@murrayandco.co.nz	-	-	Christchurch-based corporate advisory
New Zealand	Auckland	Northington Partners	Investment Bank	https://www.northington.co.nz	info@northington.co.nz	-	-	Independent M&A and corporate advisory
New Zealand	Auckland	Compound Wealth	Wealth Management	https://www.compoundwealth.co.nz	info@compoundwealth.co.nz	-	-	Mount Maunganui; KiwiSaver, investments, bespoke plans
New Zealand	Auckland	Opes Partners	Advisory Firm	https://www.opespartners.co.nz	info@opespartners.co.nz	-	-	Property investment advisory; wealth building
New Zealand	Auckland	National Capital	Wealth Management	https://www.nationalcapital.co.nz	info@nationalcapital.co.nz	-	-	KiwiSaver optimization; Auckland/Christchurch
New Zealand	Auckland	Lighthouse Financial	Wealth Management	https://www.lighthousefinancial.co.nz	info@lighthousefinancial.co.nz	-	-	Holistic planning; Auckland CBD
New Zealand	Auckland	Become Wealth	Wealth Management	https://www.becomewealth.co.nz	info@becomewealth.co.nz	-	-	Wealth creation, mortgages, insurance; Takapuna/nationwide
New Zealand	Auckland	Saturn Advice	Wealth Management	https://www.saturnadvice.co.nz	info@saturnadvice.co.nz	-	-	Fee-only planning; Auckland CBD; hourly options
New Zealand	Auckland	Private Wealth Advisers	Wealth Management	https://www.pwa.nz	info@pwa.nz	-	-	Boutique; tailored solutions for individuals, iwi, trusts
New Zealand	Auckland	Frank Wealth	Wealth Management	https://www.frankwealth.co.nz	info@frankwealth.co.nz	-	-	Independent financial advisory
New Zealand	Auckland	Quartz Wealth	Wealth Management	https://www.quartzwealth.co.nz	info@quartzwealth.co.nz	-	-	Investment advice and wealth planning
New Zealand	Auckland	Radical Investment	Wealth Management	-	info@radicalinvestment.co.nz	-	-	Independent financial advisory
New Zealand	Auckland	Twine Financial Advisers	Wealth Management	https://www.twine.co.nz	info@twine.co.nz	-	-	Mortgages for investors specialty
New Zealand	Auckland	Finsol	Wealth Management	https://www.finsol.co.nz	info@finsol.co.nz	-	-	Insurance specialist; life and income protection
New Zealand	Auckland	David Smart & Co	Wealth Management	-	info@davidsmart.co.nz	-	-	Independent financial advisory
New Zealand	Auckland	enable.me	Wealth Management	https://www.enable.me	info@enable.me	-	-	Financial advisory and coaching
New Zealand	Auckland	Moneyworks NZ	Wealth Management	-	info@moneyworks.co.nz	-	-	Cambridge/7C Hall St; ethical investing, KiwiSaver. Ph: 08 002 25621
New Zealand	Auckland	Consilium NZ	Wealth Management	https://www.consilium.co.nz	info@consilium.co.nz	-	-	Boutique financial advice; HNW focus
New Zealand	Auckland	Clarity Wealth	Wealth Management	https://www.claritywealth.co.nz	info@claritywealth.co.nz	-	-	Independent financial planning
New Zealand	Auckland	Catalist Wealth	Wealth Management	https://www.catalistwealth.co.nz	info@catalistwealth.co.nz	-	-	Modern financial advice platform
New Zealand	Auckland	InvestNow	Fund Platform	https://investnow.co.nz	info@investnow.co.nz	-	-	Free investment platform; access to NZ/intl funds
New Zealand	Auckland	Sharesies	Investment Platform	https://www.sharesies.co.nz	help@sharesies.co.nz	-	500K+ investors	NZ-founded investment platform; easy access to markets
New Zealand	Auckland	Hatch	Investment Platform	https://www.hatchinvest.nz	support@hatchinvest.nz	-	-	US/AU share access for NZ investors
New Zealand	Auckland	AMP Wealth Management NZ	Wealth Management	https://www.amp.co.nz	info@amp.co.nz	-	-	Major NZ wealth manager and KiwiSaver provider
New Zealand	Wellington	New Zealand Green Investment Finance	Investment Firm	https://nzgif.co.nz	info@nzgif.co.nz	-	$267M AUM	Government-backed green investment focus
New Zealand	Auckland	Russell Investments NZ	Fund Manager	https://russellinvestments.com/nz	nz_enquiries@russellinvestments.com	-	-	Global multi-asset solutions; NZ office
New Zealand	Auckland	Nikko AM NZ	Fund Manager	https://www.nikkoam.co.nz	nzenquiries@nikkoam.com	-	-	NZ equities and bonds specialist
New Zealand	Auckland	Alvarium Wealth NZ	Wealth Management	-	info@alvariumwealth.co.nz	-	-	UHNW multi-family office; NZ presence
New Zealand	Auckland	JBWere NZ	Wealth Management	https://www.jbwere.co.nz	info@jbwere.co.nz	-	-	Private wealth advisory; NAB subsidiary
New Zealand	Auckland	BNZ Private Bank	Private Bank	https://www.bnz.co.nz	-	-	-	NZ private banking for HNW
New Zealand	Auckland	ANZ Private	Private Bank	https://www.anz.co.nz	-	-	-	NZ private banking services
New Zealand	Auckland	Westpac Private	Private Bank	https://www.westpac.co.nz	-	-	-	NZ private banking for HNW clients
New Zealand	Auckland	Kiwibank	Bank	https://www.kiwibank.co.nz	-	-	-	NZ-owned bank; wealth services growing
New Zealand	Auckland	Smartshares	Fund Manager	https://smartshares.co.nz	info@smartshares.co.nz	-	$8B+ AUM	NZX subsidiary; passive index funds
New Zealand	Auckland	Implemented Investment Solutions	Fund Manager	https://iisolutions.co.nz	info@iisolutions.co.nz	-	-	Outsourced investment solutions for advisers
New Zealand	Auckland	Harbour Asset Management (NZ)	Fund Manager	https://www.harbourasset.co.nz	info@harbourasset.co.nz	Andrew Bascand, MD	$5B+ AUM	NZ's leading active fund manager; multi-asset
Canada	Toronto	Woodbridge Company	Family Office	https://www.woodbridge.com	info@woodbridge.com	-	$54B AUM	Thomson family; largest Canadian FO. Est. 1978
Canada	Toronto	Wittington Investments	Family Office	-	info@wittington.com	-	$21B AUM	Weston family; Loblaw, George Weston Ltd, Choice Properties
Canada	Toronto	Kilmer Group	Family Office	https://www.kilmergroup.com	info@kilmergroup.com	-	$20B AUM	Tanenbaum family; real estate, sports, entertainment, PE
Canada	Toronto	Northwood Family Office	Multi-Family Office	https://www.northwoodfo.com	info@northwoodfo.com	-	-	Operating since 2003; integrated planning, investment management
Canada	Toronto	Our Family Office Inc.	Multi-Family Office	https://www.ourfamilyoffice.ca	info@ourfamilyoffice.ca	-	$3B AUM	Family continuity, investment mgmt, strategic philanthropy
Canada	Toronto	Richter Family Office	Multi-Family Office	https://www.richter.ca	info@richter.ca	-	-	Offices Toronto+Montreal+Chicago; investment, financial, estate planning
Canada	Toronto	Lighthouse Wealth Management	Wealth Management	-	info@lighthousewealth.ca	-	$5B AUM	Wealth growth and preservation for affluent investors
Canada	Toronto	Evans Investment Counsel	Wealth Management	https://evansinvestmentcounsel.com	info@evansinvestmentcounsel.com	-	-	Boutique; 35+ years; HNW individuals and families
Canada	Toronto	Castlemark Wealth Management	Wealth Management	https://castlemarkwealth.com	info@castlemarkwealth.com	-	-	Independently owned; fee-only boutique
Canada	Toronto	Campbell Lee & Ross (CLRIM)	Wealth Management	https://www.clrim.com	info@clrim.com	-	-	Boutique private wealth; Oakville/GTA
Canada	Toronto	CG Wealth Management	Wealth Management	https://wolfgangklein.com	info@wolfgangklein.com	Wolfgang Klein	-	Boutique; customized client solutions
Canada	Toronto	Cumberland Private Wealth	Wealth Management	https://www.cumberlandprivatewealth.com	info@cumberlandprivatewealth.com	-	-	Independent; research, portfolio mgmt, capital protection
Canada	Toronto	Frontwater Capital	Wealth Management	https://www.frontwatercapital.com	info@frontwatercapital.com	-	-	Independent; institutional-grade strategies for affluent clients
Canada	Toronto	High View Financial	Wealth Management	https://www.highviewfinancial.com	info@highviewfinancial.com	-	-	Boutique portfolio manager; sustainable wealth solutions
Canada	Toronto	Birch Hill Equity Partners	Private Equity	https://www.birchhillequity.com	info@birchhillequity.com	-	CA$5B+ AUM	Mid-market; financial services, healthcare, B2B. 70+ transactions
Canada	Toronto	Clairvest Group	Private Equity	https://www.clairvest.com	info@clairvest.com	-	CA$4B AUM	Founded 1987; long-term partnerships. 65+ investments
Canada	Toronto	Imperial Capital Group	Private Equity	https://imperialcap.com	info@imperialcap.com	-	CA$3.5B AUM	Founded 1989; healthcare, business, consumer services
Canada	Toronto	Dawson Partners	Private Equity	https://www.dawsonpartners.com	info@dawsonpartners.com	-	-	Lower mid-market; entrepreneur-led businesses. NA, Europe, UK
Canada	Toronto	Ironbridge Equity Partners	Private Equity	https://www.ironbridgeep.com	info@ironbridgeep.com	-	$750M+ AUM	Canadian lower middle-market; manufacturing, distribution
Canada	Toronto	Maison Placements	Boutique Investment Bank	https://maisonplacements.com	info@maisonplacements.com	-	-	Founded 1955; Bay Street's oldest. Private placements, M&A
Canada	Toronto	Morrison Park Advisors	Boutique Investment Bank	https://morrisonpark.com	info@morrisonpark.com	-	-	Independent; M&A advisory, capital raising, valuations
Canada	Toronto	Origin Merchant Partners	Boutique Investment Bank	https://www.originmerchant.com	info@originmerchant.com	-	-	Top-ranked independent NA investment bank; M&A advisory
Canada	Toronto	Ventum Financial	Boutique Investment Bank	https://ventumfinancial.com	info@ventumfinancial.com	-	-	Leading independent Canadian investment bank
Canada	Toronto	Cormark Securities	Boutique Investment Bank	https://www.cormark.com	info@cormark.com	-	-	Mid-market institutional equity; research and trading
Canada	Toronto	Eight Capital	Boutique Investment Bank	https://www.eightcapital.com	info@eightcapital.com	-	-	Independent; equity capital markets, M&A advisory
Canada	Toronto	Paradigm Capital	Boutique Investment Bank	https://www.paradigmcap.com	info@paradigmcap.com	-	-	Independent; mining, energy, technology research and advisory
Canada	Toronto	Canaccord Genuity (Canada)	Investment Bank	https://www.canaccordgenuity.com	info@canaccordgenuity.com	-	-	Leading independent; wealth management + investment banking
Canada	Toronto	Agentis Capital	Boutique Investment Bank	-	info@agentiscapital.com	-	-	Independent boutique; capital markets
Canada	Toronto	iA Capital Markets	Investment Bank	https://www.iacapitalmarkets.com	info@iacapitalmarkets.com	-	-	Part of iA Financial Group; equity, debt, M&A
Canada	Calgary	Werklund Family Office	Multi-Family Office	-	info@werklundfo.com	David Werklund	-	Wealth management for HNW families and foundations
Canada	Calgary	BridgeWerk	Family Office/PE	-	info@bridgewerk.com	-	$5B AUM	Direct PE portfolio of Werklund Family Office
Canada	Calgary	West Oak Family Office	Family Office	-	info@westoakfo.ca	-	-	Integrated wealth management services
Canada	Calgary	Three60 Wealth	Multi-Family Office	https://three60wealth.ca	info@three60wealth.ca	-	-	Investment mgmt, financial/tax/estate planning, philanthropy
Canada	Calgary	Northland Wealth	Multi-Family Office	https://www.northlandwealth.com	info@northlandwealth.com	-	$2.5B AUM	Oakville+Calgary; family-owned; comprehensive wealth
Canada	Calgary	Peters & Co.	Boutique Investment Bank	https://www.petersco.com	info@petersco.com	-	-	Calgary energy-focused; investment banking and research
Canada	Toronto	IA Private Wealth	Wealth Management	https://www.iaprivatewealth.ca	info@iaprivatewealth.ca	-	-	500+ advisory teams; investments, tax/estate planning
Canada	National	Richardson Wealth	Wealth Management	https://richardsonwealth.com	info@richardsonwealth.com	-	-	Leading independent wealth manager; boutique personal touch
Canada	National	Harbourfront Wealth Management	Wealth Management	https://www.harbourfrontwealth.com	info@harbourfrontwealth.com	-	500+ employees	55+ independent advisory branches nationwide
Canada	National	Nicola Wealth	Wealth Management	https://nicolawealth.com	info@nicolawealth.com	-	$13B+ AUM	Bespoke wealth and asset management; cross-Canada
Canada	Vancouver	Odlum Brown	Wealth Management	https://www.odlumbrown.com	info@odlumbrown.com	-	-	Independent Canadian investment firm; Vancouver-based
Canada	Vancouver	Leith Wheeler	Fund Manager	https://www.leithwheeler.com	info@leithwheeler.com	-	$22B+ AUM	Independent; equities, fixed income, balanced portfolios
Canada	Vancouver	Krystal Growth Partners	Private Equity	https://www.krystalgp.com	info@krystalgp.com	-	-	Boutique; mid-market businesses $10-100M revenue
Canada	Vancouver	Renewal Funds	Private Equity	https://www.renewalfunds.com	info@renewalfunds.com	-	-	Impact-focused PE and VC; Vancouver-based
Canada	Vancouver	Stern Partners	Private Equity	https://www.sternpartners.com	info@sternpartners.com	-	-	Vancouver-based large PE firm
Canada	Toronto	Onex Corporation	Private Equity	https://www.onex.com	info@onex.com	-	$47B+ AUM	Major Canadian PE; mid-to-large market
Canada	Toronto	Brookfield Asset Management	Asset Manager	https://www.brookfield.com	enquiries@brookfield.com	-	$900B+ AUM	Global alternative asset manager; Toronto HQ
Canada	Toronto	Sagard	Private Equity	https://www.sagard.com	info@sagard.com	-	-	Part of Power Corporation; Montreal HQ; national PE
Canada	Winnipeg	James Richardson & Sons	Family Office	https://www.jrsl.ca	info@jrsl.ca	-	$10B AUM	Est. 1857; grain trade, agri-food, energy, real estate
Canada	Toronto	Mawer Investment Management	Fund Manager	https://www.mawer.com	info@mawer.com	-	$80B+ AUM	Independent; wealth preservation; family office services
Canada	Toronto	Fiera Capital	Fund Manager	https://www.fieracapital.com	info@fieracapital.com	-	$155B+ AUM	Leading independent; institutional and private wealth
Canada	Toronto	CI Financial	Wealth Management	https://www.cifinancial.com	info@cifinancial.com	-	$532B+ AUM	Leading diversified wealth management; 900+ advisors
Canada	Toronto	Wellington-Altus	Wealth Management	https://www.wellington-altus.ca	info@wellington-altus.ca	-	$30B+ AUM	Fastest-growing independent wealth advisory
Canada	Toronto	Blue Harbour Financial	Wealth Management	-	info@blueharbour.ca	-	-	Fiduciary wealth manager
Canada	Toronto	Beacon Family Office	Multi-Family Office	https://beaconfamilyoffice.com	info@beaconfamilyoffice.com	-	-	Toronto-based multi-family office
Canada	Calgary	Fort Capital Partners	Boutique Investment Bank	-	info@fortcapital.ca	-	-	Calgary-based independent; capital markets
Canada	Toronto	ATB Capital Markets	Boutique Investment Bank	https://www.atbcapitalmarkets.com	info@atbcapitalmarkets.com	-	-	Part of ATB Financial; energy, tech, life sciences
Canada	Calgary	Haywood Securities	Boutique Investment Bank	https://www.haywood.com	info@haywood.com	-	-	Independent; mining, energy, technology; Calgary+Vancouver
Canada	Toronto	Casgrain & Company	Boutique Investment Bank	https://www.casgrain.ca	info@casgrain.ca	-	-	Independent; portfolio management since 1951
Canada	Toronto	Laurentian Bank Securities	Investment Bank	https://www.lbs.ca	info@lbs.ca	-	-	Part of Laurentian Bank; mid-market research and trading
Canada	Toronto	Raymond James Canada	Wealth Management	https://www.raymondjames.ca	info@raymondjames.ca	-	-	8,700+ advisors globally; long-term planning focus
Canada	Toronto	Edward Jones Canada	Wealth Management	https://www.edwardjones.ca	info@edwardjones.ca	-	-	#2 in customer satisfaction; personalized advisory
Canada	Vancouver	Mountwater Capital Group	Private Equity	-	info@mountwatercapital.com	-	-	West Vancouver; commercial financing and PE
Canada	Toronto	Greybrook	Private Equity	https://greybrook.com	info@greybrook.com	-	$5B+ deployed	Real estate and healthcare PE; Toronto-based
Canada	Toronto	TorQuest Partners	Private Equity	https://www.torquest.com	info@torquest.com	-	CA$4B+ AUM	Canadian mid-market PE; operationally-focused
Canada	Toronto	Searchlight Capital Partners	Private Equity	https://www.searchlightcap.com	info@searchlightcap.com	-	$10B+ AUM	Multi-strategy PE with Toronto office
Canada	Toronto	Georgian	Private Equity	https://www.georgian.io	info@georgian.io	-	$6B+ AUM	Growth equity; software/AI focus; Toronto HQ
Canada	Toronto	Peloton Capital Management	Fund Manager	-	info@pelotoncm.com	-	-	Toronto boutique fund management
Canada	Toronto	Letko Brosseau	Fund Manager	https://www.lfrpartners.com	info@lfrpartners.com	-	$30B+ AUM	Independent; global value investing; Montreal/Toronto
Canada	Vancouver	Phillips Hager & North (RBC GAM)	Fund Manager	https://www.phn.com	info@phn.com	-	-	Vancouver heritage; now part of RBC GAM
Bermuda	Hamilton	RenaissanceRe Holdings	Reinsurer	https://www.renre.com	info@renre.com	-	$30.5B assets; NYSE: RNR	#1 Bermuda reinsurer; property catastrophe, ILS. 12 Crow Lane
Bermuda	Hamilton	PartnerRe	Reinsurer	https://www.partnerre.com	info@partnerre.com	-	$25.4B assets	Global reinsurer; acquired by Covea 2022. 131 Front Street
Bermuda	Hamilton	Arch Capital Group	Reinsurer	https://www.archgroup.com	info@archgroup.com	-	$28.7B assets	Property/casualty reinsurance. 20 Custom House Street
Bermuda	Hamilton	AXIS Capital Holdings	Reinsurer	https://www.axiscapital.com	info@axiscapital.com	-	$24.2B assets	Specialized risk products; global insurer/reinsurer
Bermuda	Hamilton	Everest Group (Everest Re)	Reinsurer	https://www.everestgroup.com	info@everestgroup.com	-	$23B assets	Property/catastrophe reinsurance. 141 Front Street
Bermuda	Hamilton	Hiscox Ltd.	Reinsurer	https://www.hiscoxgroup.com	enquiries@hiscox.bm	-	$12.3B assets; LSE: HSX	Specialty insurer/reinsurer. Cumberland House, 1 Victoria St
Bermuda	Hamilton	Lancashire Holdings	Reinsurer	https://www.lancashiregroup.com	info@lancashiregroup.com	-	$11.8B assets; LSE: LRE	Specialty (re)insurer; property, energy, marine, aviation
Bermuda	Hamilton	Fidelis Insurance	Reinsurer	https://www.fidelisinsurance.com	info@fidelisinsurance.com	-	$16.1B assets	Specialty reinsurance/ILS. 17 Capital Place
Bermuda	Hamilton	Aspen Insurance Holdings	Reinsurer	https://www.aspen.co	info@aspen.co	-	$18.5B assets	Specialty insurance/reinsurance. 23 Bermudiana Road
Bermuda	Hamilton	Enstar Group	Reinsurer	https://www.enstargroup.com	info@enstargroup.com	-	$14.8B assets	Run-off and legacy insurance specialist
Bermuda	Hamilton	Hamilton Insurance Group	Reinsurer	https://www.hamiltongroup.com	info@hamiltongroup.com	-	$20.8B assets	Property/casualty with data-driven underwriting
Bermuda	Hamilton	Validus Holdings	Reinsurer	https://www.validusholdings.com	info@validusholdings.com	-	$19.6B assets	RenaissanceRe subsidiary; reinsurance, ILS
Bermuda	Hamilton	Allied World Assurance	Reinsurer	-	info@awac.com	-	$17.3B assets	Global specialty insurer/reinsurer
Bermuda	Hamilton	Sompo International	Reinsurer	https://www.sompo-intl.com	info@sompo-intl.com	-	$14B assets	Part of Sompo Holdings; specialty insurance
Bermuda	Hamilton	MS Amlin	Reinsurer	https://www.msamlin.com	info@msamlin.com	-	$12.7B assets	Mitsui Sumitomo subsidiary; Lloyd's specialty
Bermuda	Hamilton	Watford Holdings	Reinsurer	-	info@watfordre.com	-	$13.2B assets	Specialty reinsurer
Bermuda	Hamilton	Third Point Reinsurance	Reinsurer	-	info@thirdpointre.bm	-	$11.4B assets	Dan Loeb's reinsurance vehicle
Bermuda	Hamilton	Qatar Re	Reinsurer	https://www.qatarre.com	info@qatarre.com	-	$10.5B assets	Qatar-backed global reinsurer; Bermuda ops
Bermuda	Hamilton	Ironshore	Reinsurer	-	info@ironshore.com	-	$11B assets	Specialty insurer; Liberty Mutual subsidiary
Bermuda	Hamilton	Nephila Capital	Hedge Fund/ILS	https://www.nephila.com	info@nephila.com	-	$7.7B AUM	Pioneer ILS manager. Est. 1997; Markel subsidiary
Bermuda	Hamilton	RenaissanceRe Capital Partners	Hedge Fund/ILS	https://www.renre.com	info@renre.com	-	$8.24B AUM	Third-party capital vehicle of RenRe
Bermuda	Hamilton	Pillar Capital Management	Hedge Fund/ILS	-	info@pillarcapital.bm	-	$4.3B AUM; 27 employees	Independent ILS manager. Est. 2008
Bermuda	Hamilton	Aeolus Capital Management	Hedge Fund/ILS	-	info@aeoluscap.com	-	$5.5B AUM	ILS specialist. Hamilton-based
Bermuda	Hamilton	Hudson Structured Capital Mgmt	Hedge Fund/ILS	https://www.hscm.com	info@hscm.com	-	$3.38B AUM	Cat reinsurance/ILS; Stamford/Bermuda
Bermuda	Hamilton	Hiscox Capital Partners	Hedge Fund/ILS	-	info@hiscoxcapitalpartners.bm	-	$1.5B AUM	Part of Hiscox Group; ILS investment
Bermuda	Hamilton	Neuberger Berman ILS	Hedge Fund/ILS	https://www.nb.com	info@nb.com	-	$3.3B AUM	NY/Bermuda/London; cat bonds and ILS
Bermuda	Hamilton	Mt. Logan Capital Management	Hedge Fund/ILS	-	info@mtlogancm.com	-	$2.5B AUM	Bermuda-based; cat reinsurance
Bermuda	Hamilton	AXA XL ILS Capital Management	Hedge Fund/ILS	-	info@axaxl.com	-	$1.1B AUM	AXA subsidiary; ILS strategies
Bermuda	Hamilton	AXIS ILS	Hedge Fund/ILS	-	info@axisils.com	-	$1B AUM	AXIS Capital ILS vehicle
Bermuda	Hamilton	Arch Underwriters	Hedge Fund/ILS	-	info@archunderwriters.com	-	$1.7B AUM	Arch Capital ILS vehicle
Bermuda	Hamilton	Resolute Global Partners	Hedge Fund/ILS	-	info@resolutegp.com	-	$270M AUM	Hamilton-based. Est. 2011
Bermuda	Hamilton	Chard Re Investment Management	Hedge Fund/ILS	-	info@chardre.com	-	$420M AUM	Bermuda-based. Est. 2019
Bermuda	Hamilton	Perren Capital Management	Hedge Fund/ILS	-	info@perrencapital.com	-	$300M+ AUM	Bermuda-based. Est. Nov 2024
Bermuda	Hamilton	Bermuda Investment Advisory (BIAS)	Wealth Management	https://www.bfrpartners.com	info@bfrpartners.com	-	-	Tailored investment advice; Bermuda and Cayman
Bermuda	Hamilton	Clarien Bank	Hedge Fund Services	https://www.clarienbank.com	info@clarienbank.com	-	-	Bermuda bank with hedge fund and wealth services
Bermuda	Hamilton	Altree Financial	Investment Services	https://www.altree.bm	info@altree.bm	-	-	Capital markets, fund services, wealth. Licensed under Investment Funds Act
Bermuda	Hamilton	Butterfield Trust (Bermuda)	Trust Company	https://www.butterfieldgroup.com	contactus@butterfieldgroup.com	-	-	Chambers-ranked #1 trust company; est. 1858
Bermuda	Hamilton	Conyers Trust Company	Trust Company	https://www.conyers.com	bermuda@conyers.com	-	-	Chambers-ranked; full fiduciary services
Bermuda	Hamilton	Hamilton Trust Company	Trust Company	-	info@hamiltontrust.bm	-	-	Chambers-ranked Bermuda trust company
Bermuda	Hamilton	Lombard Odier Trust (Bermuda)	Trust Company	https://www.lombardodier.com	bermuda@lombardodier.com	-	-	Swiss bank trust services in Bermuda
Bermuda	Hamilton	Meritus Trust Company	Trust Company	https://www.meritustrust.com	info@meritustrust.com	-	-	Chambers-ranked; fiduciary and corporate services
Bermuda	Hamilton	Ocorian (Bermuda)	Trust Company	https://www.ocorian.com	bermuda@ocorian.com	-	-	Global fiduciary; Bermuda trust and admin
Bermuda	Hamilton	R&H Trust Co (Bermuda)	Trust Company	-	info@rhtrust.bm	-	-	Chambers-ranked Bermuda trust company
Bermuda	Hamilton	Zobec Trust Company	Trust Company	-	info@zobec.bm	-	-	Chambers-ranked Bermuda trust company
Bermuda	Hamilton	Estera (Bermuda)	Trust/Corporate Services	https://www.estera.com	bermuda@estera.com	-	-	Offshore fiduciary; 10 jurisdictions
Bermuda	Hamilton	Maples Group (Bermuda)	Trust/Corporate Services	https://maples.com	bermuda@maples.com	-	-	Fiduciary, trustee, entity formation, fund services
Bermuda	Hamilton	Carey Olsen Services Bermuda	Corporate Services	https://www.careyolsen.com	cosbda@careyolsen.com	-	-	Rosebank Centre, 5th Floor, 11 Bermudiana Rd. Ph: +1 441 542 4500
Bermuda	Hamilton	Acumen Group	Corporate Services	https://acumengroup.com	richard.hartley@acumengroup.com	Richard Hartley	-	Licensed corporate secretarial services. Ph: +1 441 400 6001
Bermuda	Hamilton	Quorum Limited	Corporate Services	-	info@quorum.bm	-	-	Corporate admin and incorporation services
Bermuda	Hamilton	Wakefield Quin	Corporate Services	https://www.wq.bm	info@wq.bm	-	-	MQ Services Ltd; corporate/admin, non-exec directors
Bermuda	Hamilton	Appleby (Bermuda)	Law/Corporate Services	https://www.applebyglobal.com	bermuda@applebyglobal.com	-	-	Offshore law firm; trust, corporate, fund services
Bermuda	Hamilton	Walkers (Bermuda)	Law/Corporate Services	https://www.walkersglobal.com	bermuda@walkersglobal.com	-	-	Global law firm; fund, trust, corporate in Bermuda
Bermuda	Hamilton	Fortitude Reinsurance	Reinsurer	https://www.fortitude-re.com	info@fortitude-re.com	-	-	BILTIR member; life/health reinsurance
Bermuda	Hamilton	Hannover Re Bermuda	Reinsurer	https://www.hannover-re.com	info@hannover-re.com	-	-	BILTIR member; life reinsurance
Bermuda	Hamilton	RGA Global Reinsurance	Reinsurer	https://www.rgare.com	info@rgare.com	-	-	BILTIR member; life/health reinsurance
Bermuda	Hamilton	MetLife Reinsurance Bermuda	Reinsurer	https://www.metlife.com	info@metlife.com	-	-	BILTIR member; life reinsurance
Bermuda	Hamilton	Pacific Life Re	Reinsurer	https://www.pacificlifere.com	info@pacificlifere.com	-	-	Mortality, morbidity, longevity reinsurance
Bermuda	Hamilton	Convex Re	Reinsurer	https://www.convexgroup.com	info@convexgroup.com	-	-	Specialty reinsurer; certified alien reinsurer
Bermuda	Hamilton	DaVinci Reinsurance	Reinsurer	-	info@davincire.com	-	-	RenaissanceRe subsidiary; certified alien reinsurer
Bermuda	Hamilton	Wilton Reinsurance Bermuda	Reinsurer	-	info@wiltonre.com	-	-	Certified Bermuda reinsurer
Bermuda	Hamilton	Somerset Reinsurance	Reinsurer	-	info@somersetreinsurance.com	-	-	Bermuda-based specialty reinsurer
Bermuda	Hamilton	Greenlight Capital Re	Reinsurer	https://www.greenlightre.com	info@greenlightre.com	-	-	David Einhorn's reinsurance vehicle; specialty P&C
Bermuda	Hamilton	SiriusPoint	Reinsurer	https://www.siriuspt.com	info@siriuspt.com	-	$8B+ assets	Global specialty insurer/reinsurer; Bermuda HQ
Bermuda	Hamilton	Athene Holding (Bermuda)	Reinsurer	https://www.athene.com	info@athene.com	-	$250B+ assets	Apollo subsidiary; life/annuity reinsurance
Bermuda	Hamilton	Corebridge Insurance Bermuda	Reinsurer	-	info@corebridgefinancial.com	-	-	BILTIR member; life reinsurance
Bermuda	Hamilton	CNO Bermuda Re	Reinsurer	-	info@cnoinc.com	-	-	BILTIR member; life reinsurance
Bermuda	Hamilton	St. John's Trust	Trust Company	-	info@sjt.bm	-	-	Bermuda trust and fiduciary services
Bermuda	Hamilton	Codan Trust Company	Trust Company	-	info@codantrust.com	-	-	Bermuda-licensed trust company
Bermuda	Hamilton	Trident Trust (Bermuda)	Trust Company	https://www.tridenttrust.com	bermuda@tridenttrust.com	-	-	Global trust and corporate services; Bermuda office
Bermuda	Hamilton	Conyers (Law Firm)	Law/Advisory	https://www.conyers.com	bermuda@conyers.com	-	-	Major Bermuda law firm; corporate, trust, fund services
Singapore	Singapore	Sassoon Investment Corporation	Family Office	-	info@sassooninvestment.com	-	-	Est. 1832; invests in food, retail, tech. Historic family
Singapore	Singapore	Tsao Family Office	Family Office	-	info@tsaofo.com	-	-	Prominent Singapore SFO
Singapore	Singapore	Rumah Group	Family Office	-	info@rumahgroup.com	-	-	Singapore-based SFO
Singapore	Singapore	Golden Alpha	Family Office	-	info@goldenalpha.sg	-	-	Listed among largest SG family offices
Singapore	Singapore	AJ Capital Singapore	Family Office	-	info@ajcapital.sg	-	-	Prominent Singapore SFO
Singapore	Singapore	Nair Pte Ltd	Family Office	-	info@nairpte.com	-	-	Singapore-based family office
Singapore	Singapore	Paragon Capital Management	Fund Manager	-	info@paragoncm.com	-	-	MAS licensed; est. 2017; tech-focused family clients
Singapore	Singapore	One Rock Investments	Multi-Family Office	-	info@onerockinv.com	-	-	Boutique MFO; MAS licensed
Australia	Melbourne	Independent Wealth Partners	Wealth Management	-	info@independentwealthpartners.com.au	Shane Nicholas	-	Independent advisory firm; Melbourne
Australia	Melbourne	Think Independent	Wealth Management	-	info@thinkindependent.com.au	Jason Smith	-	Boutique independent practice; Melbourne
Australia	Melbourne	Curve Wealth	Wealth Management	-	info@curvewealth.com.au	Berivan Dubier	-	Moorabbin; multiple advisers
Australia	Melbourne	Partners Wealth Group	Wealth Management	https://www.pwg.com.au	info@pwg.com.au	Mathew Cassidy	$5.6B AUM; 146 staff	Barron's #1 Top 150 2025; Melbourne HQ
Australia	Melbourne	Apt Wealth Partners	Wealth Management	https://www.aptwealth.com.au	info@aptwealth.com.au	Andrew Dunbar	$3.4B AUM; 79 staff	Barron's #2; Melbourne-based
Australia	Brisbane	Tupicoffs	Wealth Management	https://www.tupicoffs.com.au	info@tupicoffs.com.au	-	-	Established independent firm; multiple advisers
Australia	Brisbane	HSP Private Wealth	Wealth Management	-	info@hspprivatewealth.com.au	James Kenny	-	Private wealth advisory; Brisbane
Australia	Brisbane	Melloy Independent Wealth	Wealth Management	-	info@melloywealth.com.au	Jon Melloy	-	Independent specialist; Ashgrove Brisbane
Australia	Brisbane	VISIS Private Wealth	Wealth Management	https://www.visis.com.au	info@visis.com.au	-	-	Self-licensed; independent; no institutional alliances
Australia	Brisbane	Aspire Retire	Wealth Management	https://aspireretire.com.au	info@aspireretire.com.au	Olivia Maragna	-	Privately owned; self-licensed; flat-fee model
Australia	Perth	Independent Advisers WA	Wealth Management	-	info@independentadviserswa.com.au	Mick Steffan	-	WA-focused independent; Drummond Cove
Australia	Perth	Rise Wealth Group	Wealth Management	-	info@risewealthgroup.com.au	Peter Humble	-	East Bunbury; wealth planning
Australia	Perth	Andep Investment Consultancy	Wealth Management	-	info@andep.com.au	Liz Rae	-	East Perth; investment consultancy
Australia	Sydney	Pacific Current Group	Fund Manager	https://www.pfrpartners.com	info@pfrpartners.com	-	-	Multi-boutique asset management
Australia	Sydney	Antipodes Partners	Fund Manager	https://www.antipodespartners.com	info@antipodespartners.com	-	$8B+ AUM	Global value investing; pragmatic approach
Australia	Sydney	Morphic Asset Management	Fund Manager	https://www.morphicasset.com	info@morphicasset.com	-	-	Global equity specialist; socially responsible
Australia	Sydney	Munro Partners	Fund Manager	https://www.munropartners.com.au	info@munropartners.com.au	-	-	Global growth equity; concentrated portfolios
Australia	Sydney	Hyperion Asset Management	Fund Manager	https://www.hyperion.com.au	info@hyperion.com.au	-	$10B+ AUM	Growth equity; long-term quality companies
Australia	Melbourne	Eley Griffiths Group	Fund Manager	https://www.eleygriffiths.com.au	info@eleygriffiths.com.au	-	-	Small/emerging companies specialist
Australia	Melbourne	Allan Gray Australia	Fund Manager	https://www.allangray.com.au	info@allangray.com.au	-	$4B+ AUM	Contrarian value investing; South African heritage
Australia	Sydney	K2 Asset Management	Fund Manager	https://www.k2am.com.au	info@k2am.com.au	-	-	Absolute return strategies; multi-asset
New Zealand	Auckland	Pencarrow Private Equity	Private Equity	https://www.pencarrow.co.nz	info@pencarrow.co.nz	-	-	NZ's first PE firm; lower mid-market
New Zealand	Auckland	Direct Capital	Private Equity	https://www.directcapital.co.nz	info@directcapital.co.nz	-	$1B+ deployed	NZ mid-market PE; management buyouts
New Zealand	Auckland	Waterman Capital	Private Equity	https://www.watermancapital.co.nz	info@watermancapital.co.nz	-	-	NZ PE; operational improvement focus
New Zealand	Auckland	Pioneer Capital	Private Equity	https://www.pioneercapital.co.nz	info@pioneercapital.co.nz	-	$400M+	NZ growth capital; established businesses
New Zealand	Auckland	Movac	Venture Capital	https://www.movac.co.nz	info@movac.co.nz	-	$300M+ AUM	NZ's largest VC firm; tech focus
New Zealand	Auckland	Punakaiki Fund	Venture Capital	https://www.punakaikifund.co.nz	info@punakaikifund.co.nz	-	-	NZ tech VC; publicly listed on USX
New Zealand	Auckland	Icehouse Ventures	Venture Capital	https://www.icehouseventures.co.nz	info@icehouseventures.co.nz	-	$400M+ deployed	NZ's most active early-stage investor
New Zealand	Auckland	Global From Day One (GD1)	Venture Capital	https://www.gd1.co.nz	info@gd1.co.nz	-	-	NZ deep tech VC
New Zealand	Auckland	Framework Capital	Venture Capital	-	info@frameworkcapital.co.nz	-	-	NZ early-stage investment
New Zealand	Auckland	Matai Ventures	Venture Capital	-	info@mataiventures.co.nz	-	-	NZ tech investment
New Zealand	Auckland	K1W1	Investment Firm	-	info@k1w1.co.nz	Sir Stephen Tindall	-	Tindall Foundation; NZ's largest angel investor
New Zealand	Auckland	Antipodean Advisors	Advisory Firm	-	info@antipodeanadvisors.co.nz	-	-	NZ corporate advisory
New Zealand	Auckland	First NZ Capital	Investment Bank	https://www.firstnzcapital.co.nz	info@firstnzcapital.co.nz	-	-	NZ corporate advisory; now Jarden
New Zealand	Auckland	Harbour Advisors	Advisory Firm	-	info@harbouradvisors.co.nz	-	-	NZ corporate finance advisory
New Zealand	Auckland	Resolution Capital NZ	Fund Manager	-	info@resolutioncapital.co.nz	-	-	Global REIT/property securities
New Zealand	Auckland	Castle Point Fund Management	Fund Manager	https://www.castlepointfunds.co.nz	info@castlepointfunds.co.nz	-	-	Boutique NZ equities and multi-asset
New Zealand	Auckland	Aspiring Asset Management	Fund Manager	-	info@aspiringam.co.nz	-	-	NZ boutique fund management
New Zealand	Auckland	Mercer NZ	Wealth Management	https://www.mercer.co.nz	info@mercer.co.nz	-	-	Global investment consulting; NZ office
New Zealand	Auckland	Aon NZ	Wealth Management	https://www.aon.co.nz	info@aon.co.nz	-	-	Investment consulting and risk advisory; NZ
New Zealand	Auckland	Willis Towers Watson NZ	Advisory Firm	https://www.wtwco.com	info@wtwco.co.nz	-	-	Investment advisory; NZ presence
New Zealand	Auckland	SuperLife	Fund Manager	https://www.superlife.co.nz	info@superlife.co.nz	-	-	KiwiSaver and investment fund provider
New Zealand	Auckland	ANZ Investments NZ	Fund Manager	https://www.anzinvestments.co.nz	info@anzinvestments.co.nz	-	$30B+ AUM	Major NZ fund manager; KiwiSaver
New Zealand	Auckland	Clarity Funds Management	Fund Manager	-	info@clarityfunds.co.nz	-	-	Boutique NZ fund management
Canada	Toronto	Black Creek Investment Management	Fund Manager	https://bcim.ca	info@bcim.ca	-	-	OSC registered; Toronto-based; value investing
Canada	Toronto	Q Wealth Partners	Wealth Management	https://www.qwealth.com	info@qwealth.com	-	-	Large PM firm; comprehensive wealth
Canada	Toronto	Aligned Capital Partners	Wealth Management	https://www.alignedcp.com	info@alignedcp.com	-	-	CIRO-registered dealer; independent advisory
Canada	Toronto	Hampton Securities	Boutique Investment Bank	-	info@hamptonsecurities.com	-	-	Independent; CIRO-registered; Toronto
Canada	Toronto	Mawer Investment Management	Fund Manager	https://www.mawer.com	info@mawer.com	-	$80B+ AUM	Independent; family office services
Canada	Montreal	National Bank Investments	Fund Manager	https://www.nbinvestments.ca	info@nbinvestments.ca	-	-	NBI funds; part of National Bank Financial
Canada	Montreal	Jarislowsky Fraser	Fund Manager	https://www.jfl.ca	info@jfl.ca	-	$50B+ AUM	Independent heritage; now part of Scotiabank; value investing
Canada	Montreal	Addenda Capital	Fund Manager	https://www.addendacapital.com	info@addendacapital.com	-	$38B+ AUM	Responsible investment; ESG integration
Canada	Montreal	CDAR Investors	Private Equity	-	info@cdarinvestors.com	-	-	Montreal boutique PE
Canada	Toronto	Connor Clark & Lunn	Fund Manager	https://www.cclgroup.com	info@cclgroup.com	-	$93B+ AUM	Independent; multi-boutique investment group
Canada	Toronto	Beutel Goodman	Fund Manager	https://www.bfrpartners.com	info@bfrpartners.com	-	$35B+ AUM	Independent; value-oriented; institutional
Canada	Toronto	Dynamic Funds	Fund Manager	https://dynamic.ca	info@dynamic.ca	-	-	Part of 1832 AM (Scotiabank); active management
Canada	Toronto	Sprott Inc.	Fund Manager	https://sprott.com	info@sprott.com	-	$31B+ AUM	Precious metals and real assets specialist
Canada	Toronto	AGF Management	Fund Manager	https://www.agf.com	info@agf.com	-	$44B+ AUM	Independent; global diversified asset manager
Canada	Toronto	Mackenzie Investments	Fund Manager	https://www.mackenzieinvestments.com	service@mackenzieinvestments.com	-	$198B+ AUM	Part of IGM Financial; broad fund platform
Canada	Toronto	Purpose Investments	Fund Manager	https://www.purposeinvest.com	info@purposeinvest.com	Som Seif, CEO	$18B+ AUM	Innovative ETFs and funds; Toronto-based
Canada	Toronto	Horizons ETFs	Fund Manager	https://www.horizonsetfs.com	info@horizonsetfs.com	-	$27B+ AUM	Now Global X Canada; innovative ETFs
Canada	Vancouver	Genus Capital Management	Fund Manager	https://www.genuscap.com	info@genuscap.com	-	$1.5B+ AUM	Vancouver; responsible/ESG investing
Canada	Toronto	Ninepoint Partners	Fund Manager	https://www.ninepoint.com	info@ninepoint.com	-	$8B+ AUM	Alternative investment strategies; Toronto
Canada	Calgary	Mawer Investment Management	Fund Manager	https://www.mawer.com	calgary@mawer.com	-	$80B+ AUM	Calgary office; institutional and private
Canada	Toronto	Gluskin Sheff	Wealth Management	https://www.gfrpartners.com	info@gfrpartners.com	-	$8B+ AUM	Now Onex Wealth; UHNW wealth management
Canada	Toronto	CI Global Asset Management	Fund Manager	https://www.ci.com	info@ci.com	-	$149B+ AUM	Leading Canadian asset manager
Canada	Toronto	Guardian Capital Group	Fund Manager	https://www.guardiancapital.com	info@guardiancapital.com	-	$55B+ AUM	Diversified financial services; Toronto HQ
Bermuda	Hamilton	MUFG Fund Services (Bermuda)	Fund Administrator	-	info@mufgfundservices.com	-	-	Mitsubishi UFJ subsidiary; hedge fund services
Bermuda	Hamilton	Prime Management Limited	Fund Administrator	-	info@primemanagement.bm	-	-	Bermuda-based hedge fund administration
Bermuda	Hamilton	Magna Insurance Bermuda	Captive Insurer	-	info@magnainsurance.bm	-	-	Class 2 group captive; registered 2024
Bermuda	Hamilton	Solvers Insurance Group	Captive Insurer	-	info@solversinsurance.bm	-	-	Class 1 single-parent; registered 2025
Bermuda	Hamilton	Rockwood Insurance	Captive Insurer	-	info@rockwoodinsurance.bm	-	-	Class 1 single-parent; registered 2025
Bermuda	Hamilton	Anglesea Insurance Group	Captive Insurer	-	info@angleseainsurance.bm	-	-	Class 2 group captive; registered 2025
Bermuda	Hamilton	Leopard Re	Captive Insurer	-	info@leopardre.bm	-	-	Class 2 captive reinsurer; registered 2025
Bermuda	Hamilton	Stingray Insurance	Captive Insurer	-	info@stingrayinsurance.bm	-	-	Class 2 captive; registered 2025
Bermuda	Hamilton	Pembroke Insurance Limited	Captive Insurer	-	info@pembrokeinsurance.bm	-	-	Class 2 captive; registered 2025
Bermuda	Hamilton	Mercuria Re	Captive Reinsurer	-	info@mercuriare.bm	-	-	Class 2 captive reinsurer; registered 2025
Bermuda	Hamilton	Armour Group Holdings	Reinsurer	-	info@armourgroup.bm	-	-	P&C run-off specialist with reinsurance
Bermuda	Hamilton	Harrington Re	Reinsurer	-	info@harringtonre.com	-	-	AXIS Capital and Blackstone sponsored multi-line reinsurer
Bermuda	Hamilton	AIG Life of Bermuda	Insurer	-	info@aig.bm	-	-	Property-casualty and general insurance
Bermuda	Hamilton	Apex Group (Bermuda)	Fund Administrator	https://www.apexgroup.com	bermuda@apexgroup.com	-	-	Global fund services; Bermuda office
Bermuda	Hamilton	Link Fund Solutions (Bermuda)	Fund Administrator	-	info@linkfundsolutions.bm	-	-	Fund administration and corporate services
Bermuda	Hamilton	BDA (Bermuda Business Development)	Economic Dev Agency	https://bda.bm	info@bda.bm	-	-	Gateway to Bermuda business community; referral resource
Bermuda	Hamilton	Bermuda Stock Exchange (BSX)	Exchange	https://www.bsx.com	info@bsx.com	-	-	Lists 300+ funds; ILS, debt, equity listings
Bermuda	Hamilton	XL Bermuda (AXA XL)	Reinsurer	https://axaxl.com	info@axaxl.com	-	-	Major specialty (re)insurer; AXA subsidiary
Bermuda	Hamilton	Catalina Holdings	Reinsurer	https://www.catalina-ltd.com	info@catalina-ltd.com	-	-	Insurance and reinsurance run-off specialist
Bermuda	Hamilton	Watford Re	Reinsurer	-	info@watfordre.com	-	-	Specialty reinsurer; Class 4 insurer since 2014
Bermuda	Hamilton	Greenlight Capital Re (confirmed)	Hedge Fund/Reinsurer	https://www.greenlightre.com	info@greenlightre.bm	David Einhorn, Chairman	-	Specialty property casualty reinsurance
Bermuda	Hamilton	Conduit Re	Reinsurer	https://www.conduitre.com	info@conduitre.com	-	-	Specialty reinsurer; Bermuda Class 4; LSE listed
Bermuda	Hamilton	Vantage Group Holdings	Reinsurer	https://www.vantagegroup.com	info@vantagegroup.com	-	-	Specialty re/insurer; Bermuda Class 4
Bermuda	Hamilton	Athora Bermuda	Reinsurer	https://www.athora.com	info@athora.com	-	-	Insurance and reinsurance group; Bermuda-based
Bermuda	Hamilton	Skyward Specialty (Bermuda)	Insurer	-	info@skywardspecialty.com	-	-	Specialty insurance; Bermuda operations
Australia	Sydney	Lazard Asset Management (AU)	Fund Manager	https://www.lazardassetmanagement.com	info@lazard.com.au	-	-	Global multi-asset; Sydney office
Australia	Melbourne	IFM Investors	Fund Manager	https://www.ifminvestors.com	info@ifminvestors.com	-	$175B+ AUM	Industry super fund-owned; infrastructure, PE, debt
Australia	Sydney	Macquarie Asset Management	Fund Manager	https://www.macquarie.com	info@macquarie.com	-	$600B+ AUM	Global alternative asset manager; Sydney HQ
Australia	Melbourne	Australian Unity Wealth	Wealth Management	https://www.australianunity.com.au	info@australianunity.com.au	-	-	Wealth, life insurance, investments; member-owned
Australia	Sydney	Challenger	Fund Manager	https://www.challenger.com.au	info@challenger.com.au	-	$110B+ AUM	Retirement income specialist; annuities and funds
Australia	Sydney	Charter Hall	Fund Manager	https://www.charterhall.com.au	info@charterhall.com.au	-	$73B+ AUM	Real estate fund manager; ASX listed
Australia	Sydney	Pinnacle Investment Management	Fund Manager	https://www.pinnacleinvestment.com	info@pinnacleinvestment.com	-	$100B+ AUM	Multi-boutique; distribution for specialist managers
Australia	Melbourne	Yarra Capital Management	Fund Manager	https://www.yarracm.com	info@yarracm.com	-	$13B+ AUM	Australian equities, fixed income, credit
Australia	Brisbane	O'Sullivan Financial	Wealth Management	-	info@osullivanfinancial.com.au	Mace O'Sullivan	-	Independent; Spring Hill Brisbane
Australia	Brisbane	Brisbane Independent Financial	Wealth Management	-	info@bifa.com.au	Rebecca Scarrabelotti	-	Independent; West End Brisbane
Australia	Brisbane	Shadforth Financial Group	Wealth Management	https://www.shadforthfg.com.au	info@shadforthfg.com.au	-	-	Evidence-based wealth management; Brisbane
New Zealand	Auckland	Foundation Life	Insurance/Investment	https://www.foundationlife.co.nz	info@foundationlife.co.nz	-	-	NZ insurance and investment company
New Zealand	Auckland	Partners Life	Insurance	https://www.partnerslife.co.nz	info@partnerslife.co.nz	-	-	NZ independent life insurer
New Zealand	Auckland	Kiwi Wealth	Fund Manager	https://www.kiwiwealth.co.nz	info@kiwiwealth.co.nz	-	$7B+ AUM	NZ fund manager; KiwiSaver provider
New Zealand	Auckland	BT Funds Management NZ	Fund Manager	-	info@btfunds.co.nz	-	-	Westpac subsidiary; NZ funds
New Zealand	Auckland	OneAnswer NZ	Fund Manager	-	info@oneanswer.co.nz	-	-	ANZ subsidiary; investment platform
New Zealand	Auckland	NZX Wealth Technologies	Fintech	https://www.nzx.com	info@nzx.com	-	-	NZX subsidiary; investment tech platform
New Zealand	Auckland	AMP Capital NZ	Fund Manager	https://www.ampcapital.com	info@ampcapital.co.nz	-	$5B+ AUM	Multi-asset; infrastructure; NZ presence
New Zealand	Auckland	Guardians of NZ Superannuation	Sovereign Wealth	https://www.nzsuperfund.nz	info@nzsuperfund.nz	-	$70B+ AUM	NZ Super Fund; reference client for credibility
New Zealand	Auckland	ACC Investment Management	Fund Manager	-	info@acc.co.nz	-	-	Accident Compensation Corp; major NZ institutional investor
New Zealand	Auckland	NZ Anglican Church Pension Board	Fund Manager	-	info@cpb.org.nz	-	-	Church pension fund; long-term investor
New Zealand	Auckland	QuayStreet Asset Management	Fund Manager	https://www.quaystreet.com	info@quaystreet.com	-	-	Boutique; NZ equities and multi-asset
New Zealand	Auckland	Tahito	Fund Manager	https://www.tahito.co.nz	info@tahito.co.nz	-	-	Maori-values ethical investment fund
New Zealand	Auckland	Forsyth Barr Investment Management	Fund Manager	https://www.forsythbarr.co.nz	info@forsythbarr.co.nz	-	-	Fund management arm; multi-asset
New Zealand	Auckland	Russell McVeagh	Advisory Firm	https://www.russellmcveagh.com	info@russellmcveagh.com	-	-	Top NZ law firm; financial services advisory
New Zealand	Auckland	Chapman Tripp	Advisory Firm	https://www.chapmantripp.com	info@chapmantripp.com	-	-	Leading NZ law firm; financial services specialist
New Zealand	Auckland	MinterEllisonRuddWatts	Advisory Firm	https://www.minterellison.co.nz	info@minterellison.co.nz	-	-	Top NZ law firm; funds, fintech advisory
New Zealand	Auckland	Dentons New Zealand	Advisory Firm	https://www.dentons.co.nz	info@dentons.co.nz	-	-	Funds and superannuation specialist
New Zealand	Auckland	Bell Gully	Advisory Firm	https://www.bellgully.com	info@bellgully.com	-	-	Top NZ law firm; managed fund schemes
New Zealand	Auckland	DLA Piper NZ	Advisory Firm	https://www.dlapiper.com	info@dlapiper.co.nz	-	-	Investment platforms and financial services
New Zealand	Auckland	Silverstripe Capital	Private Equity	-	info@silverstripecapital.co.nz	-	-	NZ boutique PE; growth equity
Canada	Toronto	Burgundy Asset Management	Fund Manager	https://www.burgundyasset.com	info@burgundyasset.com	-	$10B+ AUM	Independent; global value investing; Toronto HQ
Canada	Toronto	EdgePoint Wealth Management	Fund Manager	https://www.edgepointwealth.com	info@edgepointwealth.com	-	$30B+ AUM	Independent; long-term value investing
Canada	Toronto	Sionna Investment Managers	Fund Manager	https://www.sionna.ca	info@sionna.ca	-	$3B+ AUM	Independent; Canadian value equity specialist
Canada	Toronto	Steadyhand Investment Funds	Fund Manager	https://www.steadyhand.com	info@steadyhand.com	-	$2B+ AUM	Low-cost; direct-to-investor; Vancouver origin
Canada	Vancouver	Phillips Hager & North	Fund Manager	https://www.phn.com	info@phn.com	-	-	Vancouver heritage; institutional investment
Canada	Toronto	CIBC Mellon	Fund Administrator	https://www.cibcmellon.com	info@cibcmellon.com	-	$2.3T+ assets serviced	Institutional fund services; JV CIBC + BNY
Canada	Toronto	Pender Fund Capital Management	Fund Manager	https://www.penderfund.com	info@penderfund.com	-	-	Vancouver-based; small/mid cap; credit
Canada	Toronto	Lysander Funds	Fund Manager	https://www.lysanderfunds.com	info@lysanderfunds.com	-	-	Multi-boutique fund platform; Toronto
Bermuda	Hamilton	Aon Bermuda	Insurance Broker	https://www.aon.com	bermuda@aon.com	-	-	Major global insurance broker; Bermuda ops
Bermuda	Hamilton	Marsh McLennan (Bermuda)	Insurance Broker	https://www.marsh.com	bermuda@marsh.com	-	-	Global insurance broker; significant Bermuda presence
Bermuda	Hamilton	Guy Carpenter (Bermuda)	Reinsurance Broker	https://www.guycarp.com	info@guycarp.com	-	-	Leading reinsurance broker; Bermuda office
Bermuda	Hamilton	Gallagher (Bermuda)	Insurance Broker	https://www.ajg.com	bermuda@ajg.com	-	-	Global insurance broker; Bermuda operations
Bermuda	Hamilton	Kennedys (Bermuda)	Law/Advisory	https://www.kennedyslaw.com	bermuda@kennedyslaw.com	-	-	Insurance law specialists; Bermuda office
New Zealand	Auckland	Elevation Capital	Fund Manager	https://www.elevationcapital.co.nz	info@elevationcapital.co.nz	Chris Swasbrook, CIO	-	Boutique NZ global equity fund manager
